source_folder,source_file,target_directory,target_file,file_size_bytes,source_sha256,target_sha256,checksum_match
N1,case1.mdb,NORM_80_to_100,case1.mdb,7630848,c63bd88c3593e2d06844874def3b671816220d5f2aeded5fe4dbb6dcdc174730,c63bd88c3593e2d06844874def3b671816220d5f2aeded5fe4dbb6dcdc174730,true
N1,case1.txt,NORM_80_to_100,case1.txt,18,7efe39ce51d14b038ef78bf85706607535ac563994a1a9cb5675b1a17f228225,7efe39ce51d14b038ef78bf85706607535ac563994a1a9cb5675b1a17f228225,true
N1,case1dose.mdb,NORM_80_to_100,case1dose.mdb,1241088,852d68a1b578bbf4d27c7acce3712b8b7f962bc1fdf49b3d7676f38772448fc3,852d68a1b578bbf4d27c7acce3712b8b7f962bc1fdf49b3d7676f38772448fc3,true
N2,case2.mdb,NORM_100_to_80,case1.mdb,7630848,bd457b93dd5af07d767901723dcfbef6a46d5fabab8538c6c850fd5f41eaeb0b,bd457b93dd5af07d767901723dcfbef6a46d5fabab8538c6c850fd5f41eaeb0b,true
N2,case2.txt,NORM_100_to_80,case1.txt,16,2cdfb20d618c107720807cf8df75295f3d95d6364db150e4eec49a5e748b2afa,2cdfb20d618c107720807cf8df75295f3d95d6364db150e4eec49a5e748b2afa,true
N2,case2dose.mdb,NORM_100_to_80,case1dose.mdb,1241088,07da2e36a4f271696d8bec7fb56e40417ce6f1297cfcff42d34848a07006a5d6,07da2e36a4f271696d8bec7fb56e40417ce6f1297cfcff42d34848a07006a5d6,true
N3,case3.mdb,NORM_70_to_90,case1.mdb,7630848,9bcd09e1e4191741538a18f3f28acdfc7682e9b2dcd8d66ed891477c6fef29aa,9bcd09e1e4191741538a18f3f28acdfc7682e9b2dcd8d66ed891477c6fef29aa,true
N3,case3.txt,NORM_70_to_90,case1.txt,18,b95afe71a7c9bdb65d46bda3121aafd07ae2452f44a586b8abfb47461731882b,b95afe71a7c9bdb65d46bda3121aafd07ae2452f44a586b8abfb47461731882b,true
N3,case3dose.mdb,NORM_70_to_90,case1dose.mdb,1241088,7f4ddee758cd1ca2e3092e48526bcafdc0bfcef06fef9e622be0e4a0d6226ba8,7f4ddee758cd1ca2e3092e48526bcafdc0bfcef06fef9e622be0e4a0d6226ba8,true
N4,case4.mdb,NORM_90_to_70,case1.mdb,7630848,f0c37dc9c55438d960492a56c5c31d89550b915c9a99adba265ace7822c1485c,f0c37dc9c55438d960492a56c5c31d89550b915c9a99adba265ace7822c1485c,true
N4,case4.txt,NORM_90_to_70,case1.txt,18,d960723cbd01dd2b72437df5fd26c5334d8dfac525cd1ef50bb8e125ace58ded,d960723cbd01dd2b72437df5fd26c5334d8dfac525cd1ef50bb8e125ace58ded,true
N4,case4dose.mdb,NORM_90_to_70,case1dose.mdb,1241088,71e7506898a687393d196baa029669f9e317a5c3bd9e23814b80d8f4d9782a19,71e7506898a687393d196baa029669f9e317a5c3bd9e23814b80d8f4d9782a19,true
N5,case5.mdb,LOCA_80_to_100,case1.mdb,7630848,d9187380e608354dd1442bfcfee5bcb37fe1db429a0f7498e87ed51f8ed29b73,d9187380e608354dd1442bfcfee5bcb37fe1db429a0f7498e87ed51f8ed29b73,true
N5,case5.txt,LOCA_80_to_100,case1.txt,523,423f567ec5e6ddd1affd71f73c0073a6bb671ca8da23f738e01dce12e1d7991f,423f567ec5e6ddd1affd71f73c0073a6bb671ca8da23f738e01dce12e1d7991f,true
N5,case5dose.mdb,LOCA_80_to_100,case1dose.mdb,1241088,37a8f0dfcabfdb39f9e0bd4a7ee409d326a9fb970b454f0711585b041809f6a7,37a8f0dfcabfdb39f9e0bd4a7ee409d326a9fb970b454f0711585b041809f6a7,true
N6,case6.mdb,RW_80_to_100,case1.mdb,7630848,ab92f5d1f252a0f32ab4cd935fca9790182387edabb73732f09febd764fcd6a0,ab92f5d1f252a0f32ab4cd935fca9790182387edabb73732f09febd764fcd6a0,true
N6,case6.txt,RW_80_to_100,case1.txt,183,6f94814f510e0346e027b56b2e24b50a391335b16d9dd2b35f8a1bfa221f2343,6f94814f510e0346e027b56b2e24b50a391335b16d9dd2b35f8a1bfa221f2343,true
N6,case6dose.mdb,RW_80_to_100,case1dose.mdb,1241088,a42deb2e205daa9ca2af34a4087941bec8a225e695bb74bea736391e607fe813,a42deb2e205daa9ca2af34a4087941bec8a225e695bb74bea736391e607fe813,true
N7,case7.mdb,SGATR_80_to_100,case1.mdb,7630848,e8bfbf817e913a5ec3ed1c00791a183a1b85912126196432b448cf261fe42999,e8bfbf817e913a5ec3ed1c00791a183a1b85912126196432b448cf261fe42999,true
N7,case7.txt,SGATR_80_to_100,case1.txt,68,2c22c531b384cee8256f22d8a7bd565cef9fa63ec4e871244e160d2f90ef280f,2c22c531b384cee8256f22d8a7bd565cef9fa63ec4e871244e160d2f90ef280f,true
N7,case7dose.mdb,SGATR_80_to_100,case1dose.mdb,1241088,de2abbccc9dd326f2e38d6f0e071cd5c04a79c9f6f30fb769155e9c757d7ac00,de2abbccc9dd326f2e38d6f0e071cd5c04a79c9f6f30fb769155e9c757d7ac00,true
N8,case8.mdb,SGBTR_80_to_100,case1.mdb,7630848,0366f63f0023ba5c53264405c579349cd55f0a66a2d8309e07c19eee21cf22be,0366f63f0023ba5c53264405c579349cd55f0a66a2d8309e07c19eee21cf22be,true
N8,case8.txt,SGBTR_80_to_100,case1.txt,68,0abf46a4b4f94a3b89151fd4950218a20d5258588a3fcc513ac2af51fa7a50f8,0abf46a4b4f94a3b89151fd4950218a20d5258588a3fcc513ac2af51fa7a50f8,true
N8,case8dose.mdb,SGBTR_80_to_100,case1dose.mdb,1241088,962f0902baeb9bea89aea697665fde87853023c900a986da2b87e25ead10df48,962f0902baeb9bea89aea697665fde87853023c900a986da2b87e25ead10df48,true
N9,case9.mdb,LOCA_100_to_80,case1.mdb,7630848,627070f835ff3c7f39dffe42177f5083f025788a6397bccf7e5670988581c4be,627070f835ff3c7f39dffe42177f5083f025788a6397bccf7e5670988581c4be,true
N9,case9.txt,LOCA_100_to_80,case1.txt,521,a87cca0c6de5256f2ab66ebc789006b312ec7a280aa0b43f5e9551479f47a818,a87cca0c6de5256f2ab66ebc789006b312ec7a280aa0b43f5e9551479f47a818,true
N9,case9dose.mdb,LOCA_100_to_80,case1dose.mdb,1241088,d0e09a1d6b8f28f41cc73eb2ff70f34ba29f136f3381fdba3db0aa5e2ff6c9da,d0e09a1d6b8f28f41cc73eb2ff70f34ba29f136f3381fdba3db0aa5e2ff6c9da,true
N10,case10.mdb,RW_100_to_80,case1.mdb,7630848,3ad4be18ee5132a9cbf13b36ad5e72f06d3486144c54ff3d458e08c82409e4c3,3ad4be18ee5132a9cbf13b36ad5e72f06d3486144c54ff3d458e08c82409e4c3,true
N10,case10.txt,RW_100_to_80,case1.txt,181,8acee6d917540598283dc25612f9d9021ee6d25b1ea91e21f0cec64dd2d4c647,8acee6d917540598283dc25612f9d9021ee6d25b1ea91e21f0cec64dd2d4c647,true
N10,case10dose.mdb,RW_100_to_80,case1dose.mdb,1241088,d121825a61b5c0e224a7555af8052257984d9ce041274220ec6c05ab800f03e7,d121825a61b5c0e224a7555af8052257984d9ce041274220ec6c05ab800f03e7,true
N11,case11.mdb,SGATR_100_to_80,case1.mdb,7630848,2bc6be6a0a286193e00675619ca45b20a82a13008ee6a60d20ca3b11b9f27bb2,2bc6be6a0a286193e00675619ca45b20a82a13008ee6a60d20ca3b11b9f27bb2,true
N11,case11.txt,SGATR_100_to_80,case1.txt,66,26821107f0886bc7e92bee5dc17c8bcd76b8a0dfcb3b37c515f3a888d86380a9,26821107f0886bc7e92bee5dc17c8bcd76b8a0dfcb3b37c515f3a888d86380a9,true
N11,case11dose.mdb,SGATR_100_to_80,case1dose.mdb,1241088,845b892126c2710f287685da3e526c77491f99cdd60f33938e0f8d5723166d5e,845b892126c2710f287685da3e526c77491f99cdd60f33938e0f8d5723166d5e,true
N12,case12.mdb,SGBTR_100_to_80,case1.mdb,7630848,fc90e72373a196bab68bba0897fffbaa86274dcc48d003bddd2a9c1fdd459e64,fc90e72373a196bab68bba0897fffbaa86274dcc48d003bddd2a9c1fdd459e64,true
N12,case12.txt,SGBTR_100_to_80,case1.txt,66,d557568bf206e05ba934e4eeede48c1e20918a2bfd2947def1b7efbbda7f1c85,d557568bf206e05ba934e4eeede48c1e20918a2bfd2947def1b7efbbda7f1c85,true
N12,case12dose.mdb,SGBTR_100_to_80,case1dose.mdb,1241088,d550d1c69801c348940a584ef3fefe065d84c156237421af938053fcb7398d1a,d550d1c69801c348940a584ef3fefe065d84c156237421af938053fcb7398d1a,true
